City_ID,City,Country,Date,Lat,Lng,Max Temp,Humidity,Cloudiness,Wind Speed
0,Marienburg,PL,2022-03-03 02:50:52,54.0359,19.0266,34.12,86,6,4.63
1,Kampene,CD,2022-03-03 02:50:53,-3.6,26.6667,66.79,99,100,0.98
2,Mahibadhoo,MV,2022-03-03 02:50:53,3.7833,72.9667,82.87,64,100,13.22
3,Tautira,PF,2022-03-03 02:50:53,-17.7333,-149.15,86.02,76,28,14.52
4,Paraiso,CR,2022-03-03 02:50:54,9.8383,-83.8656,65.26,85,82,4.32
5,Hampton,US,2022-03-03 02:49:09,37.0299,-76.3452,50.99,81,0,12.66
6,Geraldton,AU,2022-03-03 02:50:54,-28.7667,114.6,75.61,31,0,20.71
7,Marsa Matruh,EG,2022-03-03 02:50:55,31.3525,27.2453,53.8,82,0,13.8
8,Ushuaia,AR,2022-03-03 02:50:32,-54.8,-68.3,49.66,76,75,5.75
9,Vila Franca Do Campo,PT,2022-03-03 02:50:55,37.7167,-25.4333,57.2,72,100,4.68
10,Vanimo,PG,2022-03-03 02:50:56,-2.6741,141.3028,82.2,81,96,2.82
11,Lompoc,US,2022-03-03 02:50:56,34.6391,-120.4579,65.57,73,0,8.05
12,Husavik,IS,2022-03-03 02:50:57,66.0449,-17.3389,37.31,97,100,5.75
13,New Norfolk,AU,2022-03-03 02:50:57,-42.7826,147.0587,83.66,37,12,3.0
14,Arraial Do Cabo,BR,2022-03-03 02:50:57,-22.9661,-42.0278,76.78,88,2,20.92
15,Nikolskoye,RU,2022-03-03 02:50:58,59.7035,30.7861,30.09,97,9,3.8
16,Rikitea,PF,2022-03-03 02:50:58,-23.1203,-134.9692,80.06,69,11,17.56
17,Kapaa,US,2022-03-03 02:50:58,22.0752,-159.319,80.58,74,40,6.91
18,Opole,PL,2022-03-03 02:50:59,50.5,18.0,27.36,60,19,3.98
19,Mar Del Plata,AR,2022-03-03 02:50:59,-38.0023,-57.5575,60.87,74,0,1.99
20,Dunedin,NZ,2022-03-03 02:50:59,-45.8742,170.5036,63.16,58,79,4.85
21,Atuona,PF,2022-03-03 02:51:00,-9.8,-139.0333,78.53,80,13,20.13
22,Busselton,AU,2022-03-03 02:51:00,-33.65,115.3333,70.05,42,49,5.77
23,Teknaf,BD,2022-03-03 02:51:01,20.8624,92.3058,79.03,29,3,6.58
24,Punta Arenas,CL,2022-03-03 02:51:01,-53.15,-70.9167,51.91,93,100,9.22
25,Guerrero Negro,MX,2022-03-03 02:51:01,27.9769,-114.0611,63.81,60,100,9.73
26,Komsomolskiy,UZ,2022-03-03 02:51:02,40.4272,71.7189,41.72,60,34,9.22
27,Iqaluit,CA,2022-03-03 02:51:02,63.7506,-68.5145,-5.31,70,100,17.27
28,Mataura,NZ,2022-03-03 02:51:02,-46.1927,168.8643,67.48,40,91,4.7
29,Chokurdakh,RU,2022-03-03 02:51:03,70.6333,147.9167,-17.84,98,82,2.77
30,Kawhia,NZ,2022-03-03 02:51:03,-38.0651,174.8183,75.15,41,55,1.23
31,Yellowknife,CA,2022-03-03 02:51:03,62.456,-114.3525,-8.88,70,20,2.3
32,Balikpapan,ID,2022-03-03 02:51:04,-1.2675,116.8289,81.59,74,20,3.44
33,Lebu,CL,2022-03-03 02:51:04,-37.6167,-73.65,60.24,95,72,14.18
34,Sitka,US,2022-03-03 02:51:04,57.0531,-135.33,40.89,75,40,8.05
35,Cayenne,GF,2022-03-03 02:51:05,4.9333,-52.3333,78.1,90,75,5.01
36,Tomatlan,MX,2022-03-03 02:51:05,19.9333,-105.25,66.58,87,0,1.57
37,Tuktoyaktuk,CA,2022-03-03 02:51:06,69.4541,-133.0374,-0.4,71,20,16.11
38,Sioux Lookout,CA,2022-03-03 02:51:06,50.1001,-91.917,3.58,51,0,5.75
39,Tuatapere,NZ,2022-03-03 02:51:06,-46.1333,167.6833,67.82,56,100,7.27
40,Bembereke,BJ,2022-03-03 02:51:07,10.2283,2.6634,78.4,21,13,6.78
41,Dikson,RU,2022-03-03 02:51:07,73.5069,80.5464,-14.13,96,100,8.55
42,Hilo,US,2022-03-03 02:49:27,19.7297,-155.09,78.53,85,100,3.44
43,Bluff,NZ,2022-03-03 02:51:08,-46.6,168.3333,67.8,71,89,4.65
44,Thompson,CA,2022-03-03 02:51:08,55.7435,-97.8558,-2.04,55,0,5.75
45,Fomboni,KM,2022-03-03 02:51:09,-12.28,43.7425,82.69,74,100,14.07
46,Meulaboh,ID,2022-03-03 02:52:09,4.1363,96.1285,82.38,72,69,2.71
47,Luderitz,NA,2022-03-03 02:52:09,-26.6481,15.1594,63.48,91,0,5.35
48,Bardiyah,LY,2022-03-03 02:52:10,31.7561,25.0865,53.78,66,39,24.16
49,Saint George,US,2022-03-03 02:51:33,37.1041,-113.5841,66.79,22,0,4.61
50,Bairiki,KI,2022-03-03 02:52:10,1.3292,172.9752,84.2,79,75,10.36
51,Takoradi,GH,2022-03-03 02:52:11,4.8845,-1.7554,77.58,86,23,6.93
52,Ilulissat,GL,2022-03-03 02:52:11,69.2167,-51.1,28.0,52,74,16.8
53,Vao,NC,2022-03-03 02:52:11,-22.6667,167.4833,79.72,78,67,16.87
54,Looc,PH,2022-03-03 02:52:12,12.2605,121.9926,82.92,71,99,15.55
55,San Quintin,MX,2022-03-03 02:52:12,30.4833,-115.95,62.28,58,100,2.42
56,Usinsk,RU,2022-03-03 02:52:13,65.9939,57.5281,27.7,94,98,21.7
57,Prince Rupert,CA,2022-03-03 02:52:13,54.3161,-130.3201,42.89,87,100,10.36
58,Cape Town,ZA,2022-03-03 02:50:05,-33.9258,18.4232,66.61,88,40,6.91
59,Severo-Kurilsk,RU,2022-03-03 02:52:14,50.6789,156.125,25.16,60,94,32.39
60,Tongren,CN,2022-03-03 02:52:14,27.7172,109.1853,57.18,83,100,0.85
61,Zhovtneve,UA,2022-03-03 02:52:14,50.6637,24.2492,30.61,98,100,7.09
62,Los Barrios,ES,2022-03-03 02:52:15,36.1848,-5.4921,58.82,90,34,7.87
63,Torbay,CA,2022-03-03 02:52:15,47.6666,-52.7314,32.29,92,100,27.63
64,Upernavik,GL,2022-03-03 02:52:16,72.7868,-56.1549,-3.96,89,100,8.14
65,Washington,US,2022-03-03 02:52:16,47.5001,-120.5015,47.97,78,100,4.09
66,Pevek,RU,2022-03-03 02:52:16,69.7008,170.3133,-13.76,98,74,2.55
67,Talnakh,RU,2022-03-03 02:52:17,69.4865,88.3972,-11.72,98,100,3.96
68,Jalu,LY,2022-03-03 02:52:17,29.0331,21.5482,49.62,62,4,8.03
69,Vaini,TO,2022-03-03 02:52:17,-21.2,-175.2,84.36,89,75,8.05
70,Bacolod,PH,2022-03-03 02:52:18,10.6667,122.95,88.29,59,45,12.75
71,Plettenberg Bay,ZA,2022-03-03 02:52:18,-34.0527,23.3716,65.16,77,0,5.75
72,Bauta,CU,2022-03-03 02:52:19,22.9828,-82.5464,65.98,82,0,7.4
73,Santo Tomas,PH,2022-03-03 02:52:19,14.1079,121.1414,86.56,49,52,11.86
74,Strezhevoy,RU,2022-03-03 02:52:19,60.7333,77.5889,21.18,95,100,11.68
75,Provideniya,RU,2022-03-03 02:52:20,64.3833,-173.3,23.11,74,75,20.13
76,Chuy,UY,2022-03-03 02:52:20,-33.6971,-53.4616,67.73,82,0,6.04
77,Mount Isa,AU,2022-03-03 02:52:20,-20.7333,139.5,100.17,11,7,4.61
78,Pacific Grove,US,2022-03-03 02:50:03,36.6177,-121.9166,62.28,59,88,1.99
79,Mahebourg,MU,2022-03-03 02:52:21,-20.4081,57.7,78.26,100,75,13.8
80,Lucea,JM,2022-03-03 02:52:21,18.451,-78.1736,78.66,74,0,5.06
81,Santa Maria,BR,2022-03-03 02:52:22,-29.6842,-53.8069,65.5,94,0,1.14
82,Butaritari,KI,2022-03-03 02:52:22,3.0707,172.7902,80.8,82,100,13.91
83,Makinsk,KZ,2022-03-03 02:52:22,52.6292,70.4169,6.67,100,100,9.8
84,Temryuk,RU,2022-03-03 02:52:23,45.2722,37.3811,41.25,94,100,12.73
85,Turukhansk,RU,2022-03-03 02:52:23,65.8167,87.9833,-9.98,98,100,5.46
86,Barrow,US,2022-03-03 02:50:02,71.2906,-156.7887,6.82,78,100,5.75
87,Bud,US,2022-03-03 02:52:24,39.447,-86.1758,60.22,57,78,7.83
88,Anadyr,RU,2022-03-03 02:52:24,64.75,177.4833,19.9,73,0,11.18
89,Rio Gallegos,AR,2022-03-03 02:51:29,-51.6226,-69.2181,51.85,93,100,18.41
90,Alice Springs,AU,2022-03-03 02:52:25,-23.7,133.8833,99.95,43,5,11.5
91,Pemba,MZ,2022-03-03 02:52:25,-12.974,40.5178,75.9,94,75,5.99
92,Haines Junction,CA,2022-03-03 02:52:25,60.7522,-137.5108,24.75,63,92,1.14
93,Hobart,AU,2022-03-03 02:52:16,-42.8794,147.3294,80.22,58,40,18.41
94,Soe,ID,2022-03-03 02:53:26,-9.8607,124.284,77.81,77,24,2.73
95,Ahipara,NZ,2022-03-03 02:53:27,-35.1667,173.1667,74.64,54,30,14.32
96,Tukrah,LY,2022-03-03 02:53:27,32.5341,20.5791,52.54,58,22,17.65
97,Landeck,AT,2022-03-03 02:53:27,47.1301,10.5636,33.21,94,96,4.12
98,Bredasdorp,ZA,2022-03-03 02:53:28,-34.5322,20.0403,64.27,77,0,4.61
99,Saskylakh,RU,2022-03-03 02:53:28,71.9167,114.0833,-26.48,98,28,3.47
100,Tezu,IN,2022-03-03 02:53:28,27.9167,96.1667,77.81,21,3,2.35
101,Yalta,UA,2022-03-03 02:53:29,44.5,34.1667,36.09,76,100,1.3
102,Fare,PF,2022-03-03 02:53:29,-16.7,-151.0167,82.04,72,17,15.75
103,Kushiro,JP,2022-03-03 02:53:29,42.975,144.3747,31.15,80,75,5.75
104,Mikun,RU,2022-03-03 02:53:30,62.3547,50.0771,18.88,99,100,4.32
105,Vardo,NO,2022-03-03 02:53:30,70.3705,31.1107,33.49,84,99,33.71
106,Puerto Ayora,EC,2022-03-03 02:53:30,-0.7393,-90.3518,77.56,93,60,1.01
107,Longyearbyen,SJ,2022-03-03 02:53:31,78.2186,15.6401,12.04,85,100,12.66
108,Kavieng,PG,2022-03-03 02:53:31,-2.5744,150.7967,83.16,73,97,5.26
109,Carnarvon,AU,2022-03-03 02:53:31,-24.8667,113.6333,78.87,29,0,24.16
110,Kruisfontein,ZA,2022-03-03 02:53:32,-34.0033,24.7314,61.88,77,0,5.77
111,Gogrial,SS,2022-03-03 02:53:32,8.5332,28.1004,80.4,55,52,3.58
112,Quelimane,MZ,2022-03-03 02:51:18,-17.8786,36.8883,76.95,83,0,3.44
113,Hermanus,ZA,2022-03-03 02:53:33,-34.4187,19.2345,65.89,91,1,9.35
114,Jiamusi,CN,2022-03-03 02:53:33,46.8333,130.35,25.02,72,2,9.37
115,Gazanjyk,TM,2022-03-03 02:53:33,39.2446,55.5154,54.75,52,74,5.19
116,Georgetown,MY,2022-03-03 02:49:51,5.4112,100.3354,84.13,82,20,5.01
117,Atambua,ID,2022-03-03 02:53:34,-9.1061,124.8925,82.49,68,24,4.5
118,Xining,CN,2022-03-03 02:53:34,36.6167,101.7667,33.42,41,100,2.53
119,Lorengau,PG,2022-03-03 02:53:35,-2.0226,147.2712,85.41,68,92,3.31
120,Jamestown,US,2022-03-03 02:53:35,42.097,-79.2353,39.29,67,100,9.22
121,Nanortalik,GL,2022-03-03 02:53:35,60.1432,-45.2371,20.46,88,100,18.34
122,Saint-Philippe,RE,2022-03-03 02:53:36,-21.3585,55.7679,74.79,86,38,8.43
123,Bagotville,AU,2022-03-03 02:53:36,-28.9833,153.4167,82.42,84,90,11.45
124,Kodiak,US,2022-03-03 02:53:37,57.79,-152.4072,36.91,87,100,11.5
125,Bac Lieu,VN,2022-03-03 02:53:37,9.285,105.7244,84.6,62,100,18.79
126,Griffith,US,2022-03-03 02:53:38,41.5284,-87.4237,43.0,80,100,16.11
127,Macau,MO,2022-03-03 02:53:38,22.2006,113.5461,74.86,77,40,11.5
128,Avarua,CK,2022-03-03 02:50:11,-21.2078,-159.775,84.25,79,40,8.05
129,Muravlenko,RU,2022-03-03 02:53:38,63.7898,74.523,3.67,99,96,5.08
130,Albany,US,2022-03-03 02:53:39,42.6001,-73.9662,28.74,76,98,2.75
131,Kawayan,PH,2022-03-03 02:53:39,7.5383,122.8725,84.33,69,77,2.75
132,Masindi,UG,2022-03-03 02:53:39,1.6744,31.715,66.2,69,45,1.41
133,Ribeira Grande,PT,2022-03-03 02:53:40,38.5167,-28.7,58.62,53,77,5.68
134,Clyde River,CA,2022-03-03 02:53:40,70.4692,-68.5914,-0.17,85,100,35.68
135,Klyuchi,RU,2022-03-03 02:53:41,52.2667,79.1667,7.83,96,90,9.35
136,Hithadhoo,MV,2022-03-03 02:52:35,-0.6,73.0833,82.99,71,25,13.24
137,Warwick,US,2022-03-03 02:50:23,41.7001,-71.4162,36.32,77,40,5.75
138,Cedar City,US,2022-03-03 02:53:41,37.6775,-113.0619,42.19,54,65,6.35
139,Isangel,VU,2022-03-03 02:54:42,-19.55,169.2667,87.91,79,40,6.91
140,Sorland,NO,2022-03-03 02:54:42,67.667,12.6934,37.78,63,100,11.18
141,Khatanga,RU,2022-03-03 02:54:43,71.9667,102.5,-8.82,92,100,6.67
142,Hibbing,US,2022-03-03 02:54:43,47.4272,-92.9377,11.8,95,65,5.46
143,East London,ZA,2022-03-03 02:53:33,-33.0153,27.9116,70.03,77,2,4.85
144,Plouzane,FR,2022-03-03 02:54:43,48.3833,-4.6167,51.89,100,100,16.11
145,Puri,IN,2022-03-03 02:54:44,19.8,85.85,75.72,65,92,1.48
146,Beira,MZ,2022-03-03 02:54:44,-19.8436,34.8389,76.95,72,52,2.3
147,Karratha,AU,2022-03-03 02:54:44,-20.7377,116.8463,95.79,41,14,7.87
148,Saldanha,ZA,2022-03-03 02:54:45,-33.0117,17.9442,64.45,92,4,2.51
149,Kapit,MY,2022-03-03 02:54:45,2.0167,112.9333,87.91,63,93,1.72
150,Alofi,NU,2022-03-03 02:50:31,-19.0595,-169.9187,85.89,70,40,9.22
151,Beringovskiy,RU,2022-03-03 02:54:46,63.05,179.3167,18.07,90,100,11.16
152,Bilibino,RU,2022-03-03 02:54:46,68.0546,166.4372,4.12,94,60,1.86
153,Fort Morgan,US,2022-03-03 02:54:47,40.2503,-103.8,56.8,35,0,10.36
154,Sao Felix Do Xingu,BR,2022-03-03 02:54:47,-6.6447,-51.995,72.25,98,100,1.19
155,Solnechnyy,RU,2022-03-03 02:54:47,50.7214,136.6319,15.91,70,89,2.3
156,Maragogi,BR,2022-03-03 02:54:48,-9.0122,-35.2225,78.66,83,21,5.17
157,Lima,PE,2022-03-03 02:52:26,-12.0432,-77.0282,70.39,75,0,5.75
158,Hearst,CA,2022-03-03 02:54:48,49.6835,-83.6665,-12.75,100,66,2.71
159,Castro,BR,2022-03-03 02:54:49,-24.7911,-50.0119,63.41,97,100,3.65
160,Tarabuco,BO,2022-03-03 02:54:49,-19.1667,-64.9167,49.17,91,99,4.5
161,Krasnyy Chikoy,RU,2022-03-03 02:54:49,50.3643,108.7512,21.2,76,100,10.94
162,Nome,US,2022-03-03 02:53:07,64.5011,-165.4064,9.55,95,82,5.32
163,Port Lincoln,AU,2022-03-03 02:54:50,-34.7333,135.8667,80.29,53,94,4.97
164,Qaanaaq,GL,2022-03-03 02:54:50,77.484,-69.3632,6.58,55,0,7.31
165,Sao Filipe,CV,2022-03-03 02:54:51,14.8961,-24.4956,72.1,70,0,14.85
166,Saint-Augustin,CA,2022-03-03 02:54:51,51.226,-58.6502,22.1,96,100,9.35
167,Grootfontein,NA,2022-03-03 02:54:52,-19.5667,18.1167,65.77,88,91,1.14
168,Airai,TL,2022-03-03 02:54:52,-8.9266,125.4092,72.0,66,43,3.91
169,Nuevo Progreso,MX,2022-03-03 02:54:52,23.1667,-97.95,70.59,71,37,3.44
170,Ormara,PK,2022-03-03 02:54:53,25.2088,64.6357,72.81,67,0,1.99
171,Matay,EG,2022-03-03 02:54:53,28.419,30.7792,58.71,61,98,15.03
172,Awbari,LY,2022-03-03 02:54:53,26.5921,12.7805,52.7,32,100,9.8
173,Harlau,RO,2022-03-03 02:54:54,47.4333,26.9,34.97,95,99,11.23
174,Sur,OM,2022-03-03 02:54:54,22.5667,59.5289,73.24,64,0,5.93
175,Zarubino,RU,2022-03-03 02:54:54,42.63,131.0922,32.76,30,0,12.5
176,Hobyo,SO,2022-03-03 02:54:55,5.3505,48.5268,77.86,68,88,15.39
177,Chicontepec,MX,2022-03-03 02:54:55,20.9667,-98.1667,60.91,93,97,3.27
178,Sete Lagoas,BR,2022-03-03 02:54:56,-19.4658,-44.2467,74.28,82,51,6.11
179,Alekseyevsk,RU,2022-03-03 02:54:56,57.8406,108.3492,19.35,86,100,11.54
180,Murchison,NZ,2022-03-03 02:54:56,-41.8,172.3333,77.2,34,100,2.48
181,De Aar,ZA,2022-03-03 02:54:13,-30.6497,24.0123,61.3,38,0,3.76
182,Severobaykalsk,RU,2022-03-03 02:54:57,55.65,109.3167,16.7,75,100,3.85
183,Marquette,US,2022-03-03 02:53:10,46.5333,-87.6335,16.36,76,91,7.38
184,Nemuro,JP,2022-03-03 02:55:57,43.3236,145.575,30.63,78,97,13.4
185,Antalaha,MG,2022-03-03 02:55:58,-14.9003,50.2788,74.8,91,99,3.65
186,Necochea,AR,2022-03-03 02:55:58,-38.5473,-58.7368,55.69,70,0,1.9
187,Ponta Do Sol,PT,2022-03-03 02:55:59,32.6667,-17.1,65.07,81,31,3.96
188,Fortuna,US,2022-03-03 02:55:59,40.5982,-124.1573,56.48,93,100,5.75
189,Palana,RU,2022-03-03 02:55:59,59.1167,159.9667,27.63,64,100,26.84
190,Mbengwi,CM,2022-03-03 02:56:00,6.0167,10.0,66.56,74,68,1.19
191,Svetlogorsk,BY,2022-03-03 02:56:00,52.6333,29.7333,30.2,93,100,4.76
192,Murray Bridge,AU,2022-03-03 02:56:00,-35.1167,139.2667,93.31,35,6,6.26
193,Azangaro,PE,2022-03-03 02:56:01,-14.9167,-70.2167,39.99,89,71,4.32
194,Partizanskoye,RU,2022-03-03 02:56:01,55.5006,94.39,10.92,85,100,19.24
195,Vilcun,CL,2022-03-03 02:56:02,-38.65,-72.2333,57.94,99,68,1.66
196,Kununurra,AU,2022-03-03 02:56:02,-15.7667,128.7333,91.38,58,40,8.05
197,Omboue,GA,2022-03-03 02:56:02,-1.5746,9.2618,79.41,85,100,2.89
198,Baykit,RU,2022-03-03 02:56:03,61.67,96.37,5.02,90,100,9.71
199,Taltal,CL,2022-03-03 02:56:03,-25.4,-70.4833,66.78,80,0,1.9
200,Didi Lilo,GE,2022-03-03 02:56:04,41.7361,44.9647,42.58,93,75,4.61
201,Taoudenni,ML,2022-03-03 02:56:04,22.6783,-3.9836,62.6,21,2,14.61
202,Fairbanks,US,2022-03-03 02:52:44,64.8378,-147.7164,30.54,76,100,3.44
203,West Plains,US,2022-03-03 02:56:05,36.7281,-91.8524,59.9,66,7,6.91
204,Tornio,FI,2022-03-03 02:56:05,65.8481,24.1466,30.22,80,10,8.25
205,Derbent,RU,2022-03-03 02:56:05,42.0678,48.2899,43.3,95,96,8.23
206,Victoria,HK,2022-03-03 02:56:06,22.2855,114.1577,69.85,79,64,18.99
207,Sangar,RU,2022-03-03 02:56:06,63.9242,127.4739,-6.12,92,57,4.16
208,Mayskiy,RU,2022-03-03 02:56:07,47.6931,40.1025,38.61,97,100,9.19
209,Dombarovskiy,RU,2022-03-03 02:56:07,50.7587,59.5386,14.54,95,100,6.71
210,Sal Rei,CV,2022-03-03 02:56:07,16.1833,-22.9167,68.56,82,0,21.77
211,Manuk Mangkaw,PH,2022-03-03 02:56:08,4.8,119.85,82.2,74,100,7.05
212,Natchez,US,2022-03-03 02:56:08,31.5604,-91.4032,54.84,50,0,0.0
213,Kalmunai,LK,2022-03-03 02:56:09,7.4167,81.8167,78.13,76,100,11.9
214,Najran,SA,2022-03-03 02:56:09,17.4924,44.1277,59.65,37,1,2.21
215,Talara,PE,2022-03-03 02:56:09,-4.5772,-81.2719,75.4,76,98,0.63
216,Cidreira,BR,2022-03-03 02:56:10,-30.1811,-50.2056,74.28,95,11,5.84
217,Pisco,PE,2022-03-03 02:56:10,-13.7,-76.2167,73.45,83,0,4.61
218,Abnub,EG,2022-03-03 02:56:10,27.2696,31.1511,61.02,56,76,14.18
219,San Patricio,US,2022-03-03 02:56:11,28.017,-97.5169,62.06,83,100,6.96
220,Nishihara,JP,2022-03-03 02:56:11,26.1842,127.7558,65.68,59,20,8.05
221,Nola,IT,2022-03-03 02:56:12,40.922,14.5329,45.57,66,78,1.12
222,Tiksi,RU,2022-03-03 02:56:12,71.6872,128.8694,-20.6,99,91,2.68
223,Peterongan,ID,2022-03-03 02:56:12,-7.5394,112.2792,83.8,83,89,1.88
224,La Ronge,CA,2022-03-03 02:56:13,55.1001,-105.2842,-1.95,55,0,3.44
225,Faya,SA,2022-03-03 02:56:13,18.3851,42.4509,55.51,51,2,3.44
226,Verkhnevilyuysk,RU,2022-03-03 02:57:14,63.4453,120.3167,3.42,90,100,5.79
227,Le Lorrain,MQ,2022-03-03 02:57:14,14.8329,-61.0567,77.76,59,28,13.06
228,Dire,ML,2022-03-03 02:57:14,12.2833,-10.9667,79.9,27,44,1.68
229,Aripuana,BR,2022-03-03 02:57:15,-9.1667,-60.6333,72.5,99,100,1.34
230,Port Alfred,ZA,2022-03-03 02:53:30,-33.5906,26.891,65.89,82,1,6.46
231,Victor Harbor,AU,2022-03-03 02:57:15,-35.5667,138.6167,92.46,73,52,4.99
232,Tommot,RU,2022-03-03 02:57:16,58.9564,126.2925,8.69,83,91,1.48
233,Pombas,CV,2022-03-03 02:57:16,17.1503,-25.0201,67.78,83,21,17.18
234,Lavrentiya,RU,2022-03-03 02:57:16,65.5833,-171.0,9.66,92,27,7.56
235,Sironj,IN,2022-03-03 02:57:17,24.1,77.7,71.06,24,45,8.5
236,Vestmannaeyjar,IS,2022-03-03 02:57:17,63.4427,-20.2734,41.36,63,100,19.91
237,Kavaratti,IN,2022-03-03 02:57:18,10.5669,72.642,82.51,66,42,11.61
238,Menongue,AO,2022-03-03 02:57:12,-14.6585,17.691,60.15,97,89,3.0
239,Hervey Bay,AU,2022-03-03 02:57:18,-25.2986,152.8535,89.04,85,2,19.84
240,Guthrie,US,2022-03-03 02:57:01,35.8789,-97.4253,63.63,26,14,8.32
241,Mogadishu,SO,2022-03-03 02:57:19,2.0371,45.3438,76.87,83,20,8.05
242,Whyalla,AU,2022-03-03 02:56:51,-33.0333,137.5833,84.09,51,33,6.91
243,Japura,ID,2022-03-03 02:57:19,-0.3167,102.35,76.46,94,100,2.73
244,Vilhena,BR,2022-03-03 02:57:20,-12.7406,-60.1458,68.79,97,96,2.42
245,Belmonte,BR,2022-03-03 02:57:20,-15.8631,-38.8828,81.1,87,87,5.03
246,Garden City,US,2022-03-03 02:53:44,42.3256,-83.331,39.2,86,100,14.97
247,Kimbe,PG,2022-03-03 02:57:21,-5.5502,150.1429,84.72,68,100,4.38
248,Iwaki,JP,2022-03-03 02:57:21,37.05,140.8833,56.01,40,17,3.0
249,Suwa,JP,2022-03-03 02:57:21,36.038,138.1131,54.01,44,2,9.89
250,Richards Bay,ZA,2022-03-03 02:57:22,-28.783,32.0377,71.67,77,0,12.08
251,Benjamin Constant,BR,2022-03-03 02:57:22,-4.3831,-70.0311,75.33,98,100,2.06
252,Hambantota,LK,2022-03-03 02:57:23,6.1241,81.1185,77.34,94,40,8.05
253,Saurimo,AO,2022-03-03 02:57:23,-9.6608,20.3916,63.25,97,95,1.66
254,Konskie,PL,2022-03-03 02:57:23,51.1917,20.4061,32.23,64,1,3.96
255,Yulara,AU,2022-03-03 02:54:27,-25.2406,130.9889,96.64,28,34,9.22
256,Akcaabat,TR,2022-03-03 02:57:24,41.0212,39.5715,44.47,100,75,0.0
257,Harboore,DK,2022-03-03 02:57:24,56.6175,8.1807,33.19,87,0,5.86
258,Binghamton,US,2022-03-03 02:57:25,42.0987,-75.918,40.66,68,100,1.99
259,Aykhal,RU,2022-03-03 02:57:25,66.0,111.5,-1.59,94,100,5.46
260,Kommunisticheskiy,RU,2022-03-03 02:57:25,61.6789,64.4819,24.75,87,73,9.86
261,Ha Tinh,VN,2022-03-03 02:57:26,18.3333,105.9,75.25,73,49,2.1
262,Gravelbourg,CA,2022-03-03 02:57:26,49.8834,-106.5512,14.27,95,100,9.01
263,Tasiilaq,GL,2022-03-03 02:57:26,65.6145,-37.6368,27.75,84,100,26.44
264,Nevel,RU,2022-03-03 02:57:27,56.0209,29.9284,25.75,94,100,2.04
265,Makat,KZ,2022-03-03 02:57:27,47.6469,53.3463,35.37,82,29,10.83
266,Coari,BR,2022-03-03 02:57:27,-4.085,-63.1414,74.23,98,100,2.17
267,Rodrigues Alves,BR,2022-03-03 02:57:28,-7.738,-72.6509,73.4,95,100,2.37
268,Te Anau,NZ,2022-03-03 02:57:28,-45.4167,167.7167,73.67,40,100,1.79
269,Oliveira Dos Brejinhos,BR,2022-03-03 02:57:29,-12.3169,-42.8961,73.04,66,100,2.55
270,Soyo,AO,2022-03-03 02:57:29,-6.1349,12.3689,79.81,88,98,3.78
271,Sergeyevka,KZ,2022-03-03 02:58:29,53.88,67.4158,10.98,94,84,11.92
272,Bathsheba,BB,2022-03-03 02:56:46,13.2167,-59.5167,79.41,83,40,17.27
273,Lusambo,CD,2022-03-03 02:58:30,-4.9667,23.45,67.82,98,100,2.17
274,Norman Wells,CA,2022-03-03 02:58:31,65.282,-126.8329,10.44,56,20,10.36
275,San Cristobal,VE,2022-03-03 02:58:32,7.7669,-72.225,69.98,93,98,1.1
276,Vitim,RU,2022-03-03 02:58:33,59.4511,112.5578,19.9,92,100,8.84
277,Bengkulu,ID,2022-03-03 02:58:33,-3.8004,102.2655,83.35,67,81,3.69
278,Safford,US,2022-03-03 02:58:35,32.834,-109.7076,71.06,16,46,1.01
279,Berlin,DE,2022-03-03 02:55:33,52.5244,13.4105,36.36,75,0,1.99
280,Taseyevo,RU,2022-03-03 02:58:36,57.2169,94.8978,10.38,87,100,10.71
281,Port Elizabeth,ZA,2022-03-03 02:58:37,-33.918,25.5701,66.49,82,0,12.66
282,Praxedis Guerrero,MX,2022-03-03 02:58:38,31.3667,-106.0167,69.57,20,60,8.52
283,Ilhabela,BR,2022-03-03 02:58:38,-23.7781,-45.3581,78.98,79,88,2.17
284,Katsuura,JP,2022-03-03 02:58:40,35.1333,140.3,51.91,63,49,2.13
285,La Rioja,ES,2022-03-03 02:58:40,42.25,-2.5,36.05,83,22,6.38
286,Port Hardy,CA,2022-03-03 02:58:41,50.6996,-127.4199,46.4,81,40,3.44
287,Caravelas,BR,2022-03-03 02:58:41,-17.7125,-39.2481,76.1,90,100,3.33
288,Oyama,JP,2022-03-03 02:58:42,36.3,139.8,54.66,37,16,6.6
289,Gillette,US,2022-03-03 02:58:43,44.2911,-105.5022,45.81,70,99,8.55
290,Dingle,PH,2022-03-03 02:58:43,10.9995,122.6711,86.27,64,66,14.32
291,Souillac,MU,2022-03-03 02:58:44,-20.5167,57.5167,78.37,100,75,13.8
292,Hamilton,US,2022-03-03 02:58:44,39.1834,-84.5333,60.49,52,94,7.9
293,Dolores,AR,2022-03-03 02:58:45,-36.3132,-57.6792,54.81,77,0,7.11
294,Butajira,ET,2022-03-03 02:58:46,8.1167,38.3667,55.65,52,48,6.38
295,Waipawa,NZ,2022-03-03 02:58:46,-41.4122,175.5153,63.93,58,94,7.25
296,Biloela,AU,2022-03-03 02:58:47,-24.4167,150.5,101.52,20,0,13.89
297,Yakeshi,CN,2022-03-03 02:58:47,49.2833,120.7333,14.95,76,88,4.12
298,Oistins,BB,2022-03-03 02:58:47,13.0667,-59.5333,78.89,83,40,17.27
299,Maningrida,AU,2022-03-03 02:58:48,-12.0667,134.2667,90.64,60,56,6.2
300,Altoona,US,2022-03-03 02:54:33,40.5187,-78.3947,48.22,69,90,5.01
301,Ahwa,IN,2022-03-03 02:58:48,20.75,73.6833,77.11,22,5,2.57
302,Loa Janan,ID,2022-03-03 02:58:49,-0.583,117.095,81.66,86,99,3.83
303,Yumen,CN,2022-03-03 02:58:49,40.2833,97.2,39.04,23,90,20.6
304,Carauari,BR,2022-03-03 02:58:49,-4.8828,-66.8958,72.14,95,100,0.98
305,Mahon,ES,2022-03-03 02:58:50,39.8885,4.2658,52.36,93,75,3.44
306,Berlevag,NO,2022-03-03 02:58:50,70.8578,29.0864,31.39,90,100,37.67
307,Acajutla,SV,2022-03-03 02:58:50,13.5928,-89.8275,81.81,64,0,8.34
308,Dalvik,IS,2022-03-03 02:58:51,65.9702,-18.5286,37.33,98,100,1.81
309,Maseru,LS,2022-03-03 02:54:50,-29.3167,27.4833,60.6,50,33,3.76
310,Berger,NO,2022-03-03 02:58:51,59.545,10.3714,34.3,86,2,5.53
311,Marsh Harbour,BS,2022-03-03 02:58:52,26.5412,-77.0636,72.86,67,5,12.33
312,Abulug,PH,2022-03-03 02:58:52,18.4453,121.4533,78.57,75,6,7.74
313,Narsaq,GL,2022-03-03 02:58:53,60.9167,-46.05,15.87,88,100,7.61
314,Mandan,US,2022-03-03 02:58:53,46.8267,-100.8896,16.81,82,100,8.05
315,Paamiut,GL,2022-03-03 02:58:53,61.994,-49.6678,16.84,90,100,9.84
316,Lecce,IT,2022-03-03 02:58:54,40.2167,18.1667,44.06,76,15,11.77
317,Gawler,AU,2022-03-03 02:59:54,-34.6,138.7333,93.09,38,4,5.86
318,Le Port,RE,2022-03-03 02:59:54,-20.9373,55.2919,75.2,77,8,0.83
319,Chimbote,PE,2022-03-03 02:59:55,-9.0853,-78.5783,72.93,74,100,4.23
320,Tura,IN,2022-03-03 02:59:55,25.5198,90.2201,77.2,23,0,0.85
321,Dasoguz,TM,2022-03-03 02:59:55,41.8363,59.9666,40.95,87,0,6.91
322,Santa Luzia,BR,2022-03-03 02:59:56,-19.7697,-43.8514,74.3,68,0,5.75
323,Ishigaki,JP,2022-03-03 02:59:56,24.3448,124.1572,71.73,78,75,13.8
324,Nadvoitsy,RU,2022-03-03 02:59:56,63.8667,34.3167,24.19,97,95,6.33
325,Karpogory,RU,2022-03-03 02:59:57,64.0019,44.4451,26.91,95,100,5.06
326,Naze,JP,2022-03-03 02:59:57,28.3667,129.4833,58.12,57,1,7.58
327,Manono,CD,2022-03-03 02:59:58,-7.3,27.4167,66.52,98,100,0.74
328,Ilebo,CD,2022-03-03 02:59:58,-4.3167,20.5833,68.85,97,100,1.41
329,Chowchilla,US,2022-03-03 02:59:58,37.123,-120.2602,70.21,69,60,7.05
330,Coquimbo,CL,2022-03-03 02:56:27,-29.9533,-71.3436,60.53,88,0,3.44
331,Emba,KZ,2022-03-03 02:59:59,48.8264,58.1442,7.92,90,15,4.74
332,Oxapampa,PE,2022-03-03 02:59:59,-10.5775,-75.4017,57.85,96,92,3.02
333,Boende,CD,2022-03-03 02:59:59,-0.2167,20.8667,71.02,94,100,2.62
334,Chabahar,IR,2022-03-03 03:00:00,25.2919,60.643,71.22,71,0,3.42
335,Kumluca,TR,2022-03-03 03:00:01,36.3703,30.2869,48.83,69,63,7.54
336,Tenenkou,ML,2022-03-03 03:00:02,14.4572,-4.9169,77.54,19,64,9.82
337,Codrington,AU,2022-03-03 03:00:03,-38.2667,141.9667,82.17,47,17,10.94
338,Marsaxlokk,MT,2022-03-03 03:00:04,35.8419,14.5431,50.07,71,40,3.44
339,Bethel,US,2022-03-03 03:00:05,41.3712,-73.414,40.3,72,82,3.98
340,San Pedro De Macoris,DO,2022-03-03 03:00:07,18.4616,-69.2972,76.37,86,10,8.01
341,Salym,RU,2022-03-03 03:00:09,60.0625,71.4789,25.83,91,100,9.48
342,Riyadh,SA,2022-03-03 02:59:44,24.6877,46.7219,68.14,28,24,10.13
343,Wanaka,NZ,2022-03-03 03:00:13,-44.7,169.15,74.1,43,100,1.99
344,Lasa,IT,2022-03-03 03:00:15,46.6166,10.7002,34.54,92,79,4.41
345,Los Llanos De Aridane,ES,2022-03-03 03:00:16,28.6585,-17.9182,60.55,75,40,5.01
346,Mount Darwin,ZW,2022-03-03 03:00:18,-16.7725,31.5838,64.35,97,28,1.72
347,Cap Malheureux,MU,2022-03-03 03:00:19,-19.9842,57.6142,78.48,92,18,5.01
348,Mehamn,NO,2022-03-03 03:00:21,71.0357,27.8492,30.61,83,100,35.46
349,Tutoia,BR,2022-03-03 03:00:21,-2.7619,-42.2744,78.4,86,58,8.28
350,Funtua,NG,2022-03-03 03:00:22,11.5233,7.3081,69.66,9,8,7.52
351,Aljezur,PT,2022-03-03 03:00:23,37.3191,-8.8033,52.3,84,57,5.21
352,Aswan,EG,2022-03-03 03:00:24,24.0934,32.907,69.64,14,3,10.31
353,Jiujiang,CN,2022-03-03 03:00:22,29.7333,115.9833,63.28,54,42,2.1
354,Petropavlovsk-Kamchatskiy,RU,2022-03-03 03:00:25,53.0452,158.6483,25.39,63,75,13.42
355,Saint-Pierre,RE,2022-03-03 03:00:26,-21.3393,55.4781,74.88,78,0,3.44
356,Estacion Coahuila,MX,2022-03-03 03:00:26,32.1939,-115.0017,71.96,10,100,8.14
357,Znamenskoye,RU,2022-03-03 03:00:27,57.1281,73.8282,18.14,93,100,9.69
358,Kahului,US,2022-03-03 03:00:27,20.8947,-156.47,78.96,81,4,4.0
359,Edd,ER,2022-03-03 03:00:28,13.9297,41.6925,82.8,28,7,14.63
360,Kaeo,NZ,2022-03-03 03:00:29,-35.1,173.7833,70.32,78,67,17.94
361,Lagunas,PE,2022-03-03 03:00:29,-5.2269,-75.6753,73.2,98,100,2.64
362,Aksay,RU,2022-03-03 03:00:30,47.26,39.87,39.42,94,100,7.0
363,Wanning,CN,2022-03-03 03:00:31,18.8003,110.3967,76.51,71,35,5.41
364,Sechura,PE,2022-03-03 03:00:32,-5.5569,-80.8222,74.89,69,92,3.71
365,Umm Kaddadah,SD,2022-03-03 03:00:33,13.6017,26.6876,73.92,12,38,11.32
366,Emerald,AU,2022-03-03 03:01:33,-23.5333,148.1667,102.34,14,0,11.23
367,Pangkalanbuun,ID,2022-03-03 02:58:44,-2.6833,111.6167,89.87,51,100,4.7
368,Ouesso,CG,2022-03-03 03:01:34,1.6136,16.0517,70.09,93,95,3.06
369,Vamvakou,GR,2022-03-03 03:01:34,39.3333,22.4167,35.55,87,8,4.05
370,Barcelos,PT,2022-03-03 03:01:34,41.5388,-8.6151,50.92,96,100,11.03
371,Gharo,PK,2022-03-03 03:01:35,24.7424,67.5856,64.62,46,0,13.2
372,Mosquera,CO,2022-03-03 03:01:12,4.7059,-74.2302,53.26,91,100,3.78
373,Longhua,CN,2022-03-03 03:01:35,23.6137,114.1919,76.5,62,65,3.29
374,Meadow Lake,US,2022-03-03 03:01:36,34.8014,-106.5436,60.12,21,0,4.52
375,Kindu,CD,2022-03-03 03:01:36,-2.95,25.95,67.66,99,100,4.34
376,Mandalgovi,MN,2022-03-03 03:01:36,45.7625,106.2708,28.2,23,50,19.91
377,Salalah,OM,2022-03-03 03:01:37,17.0151,54.0924,72.61,48,0,2.28
378,Kasane,BW,2022-03-03 03:01:37,-17.8167,25.15,65.59,99,99,2.53
379,Dabhol,IN,2022-03-03 03:01:37,17.6,73.1667,79.47,38,72,3.36
380,Tiznit,MA,2022-03-03 03:01:38,29.5833,-9.5,54.3,73,0,2.04
381,Port Keats,AU,2022-03-03 03:01:38,-14.25,129.55,87.78,69,86,10.07
382,Suntar,RU,2022-03-03 03:01:38,62.1444,117.6319,12.38,89,100,3.53
383,Padang,ID,2022-03-03 03:01:39,-0.9492,100.3543,77.05,66,77,2.89
384,Sakakah,SA,2022-03-03 03:01:39,29.9697,40.2064,67.03,43,100,10.11
385,Imbituba,BR,2022-03-03 02:57:33,-28.24,-48.6703,76.82,96,100,3.71
386,Jian,CN,2022-03-03 03:01:40,27.1172,114.9793,67.39,64,14,2.21
387,Sikonge,TZ,2022-03-03 03:01:40,-5.6333,32.7667,62.67,96,60,2.93
388,Makakilo City,US,2022-03-03 03:01:40,21.3469,-158.0858,78.69,65,9,7.67
389,Ndele,CF,2022-03-03 03:01:41,8.4109,20.6473,76.53,24,64,2.1
390,Leningradskiy,RU,2022-03-03 03:01:41,69.3833,178.4167,0.07,97,96,5.93
391,Atar,MR,2022-03-03 03:01:41,20.5169,-13.0499,68.92,33,0,11.34
392,Pontiac,US,2022-03-03 03:00:17,42.6389,-83.2911,36.28,90,100,18.41
393,Abu Kamal,SY,2022-03-03 03:01:42,34.4506,40.9171,62.1,40,99,9.48
394,Hessisch Lichtenau,DE,2022-03-03 03:01:42,51.2,9.7167,30.61,66,32,1.68
395,San Julian,MX,2022-03-03 03:01:43,21.0167,-102.1667,65.34,24,57,3.4
396,Panzhihua,CN,2022-03-03 03:00:35,26.5851,101.7128,65.25,29,13,0.98
397,Pochutla,MX,2022-03-03 03:01:43,15.7432,-96.4661,77.83,79,3,3.02
398,Guozhen,CN,2022-03-03 03:01:44,34.3659,107.359,54.66,34,100,3.18
399,Upata,VE,2022-03-03 03:01:44,8.0086,-62.3989,75.2,88,12,5.14
400,Bambous Virieux,MU,2022-03-03 02:58:03,-20.3428,57.7575,78.22,100,75,13.8
401,Portel,BR,2022-03-03 03:01:48,-1.9356,-50.8211,74.03,93,98,3.22
402,Salou,ES,2022-03-03 03:01:48,41.0766,1.1416,53.22,81,0,5.01
403,Chulman,RU,2022-03-03 03:01:48,56.8479,124.9104,2.53,91,100,1.9
404,Maceio,BR,2022-03-03 03:01:49,-9.6658,-35.7353,78.24,88,20,2.3
405,Coihaique,CL,2022-03-03 03:01:49,-45.5752,-72.0662,53.83,99,97,6.2
406,Panjakent,TJ,2022-03-03 03:01:49,39.4952,67.6093,35.4,40,40,7.31
407,Beremend,HU,2022-03-03 03:01:50,45.7911,18.4326,33.08,65,32,6.87
408,Liverpool,GB,2022-03-03 03:00:45,53.4106,-2.9779,45.28,89,100,9.22
409,Tateyama,JP,2022-03-03 03:01:50,34.9833,139.8667,56.14,65,11,3.4
410,Hasaki,JP,2022-03-03 02:57:14,35.7333,140.8333,53.89,68,94,5.06
411,Pascagoula,US,2022-03-03 03:00:57,30.3658,-88.5561,55.72,64,59,5.06
412,Kudahuvadhoo,MV,2022-03-03 03:02:51,2.6708,72.8944,82.45,67,80,14.43
413,Esperance,AU,2022-03-03 03:02:51,-33.8667,121.9,65.08,55,79,18.95
414,Malartic,CA,2022-03-03 03:00:15,48.1335,-78.1328,8.42,84,78,11.72
415,Bandarbeyla,SO,2022-03-03 03:02:52,9.4942,50.8122,73.89,76,1,13.13
416,Kailua,US,2022-03-03 03:02:52,21.4022,-157.7394,80.15,73,58,3.83
417,Egvekinot,RU,2022-03-03 03:02:53,66.3167,-179.1667,9.09,84,4,7.61
418,Namibe,AO,2022-03-03 03:02:53,-15.1961,12.1522,74.23,82,74,5.08
419,Sirjan,IR,2022-03-03 03:02:53,29.452,55.6814,50.36,39,100,6.08
420,Manggar,ID,2022-03-03 03:02:54,-2.8833,108.2667,86.31,66,67,9.08
421,Uppsala,SE,2022-03-03 03:02:54,60.0,17.75,31.44,80,20,6.91
422,Acarau,BR,2022-03-03 03:01:10,-2.8856,-40.12,77.76,86,76,8.01
423,Tondano,ID,2022-03-03 03:02:55,1.3038,124.9112,78.89,71,88,4.07
424,Vostok,RU,2022-03-03 03:02:55,46.4856,135.8833,15.22,82,98,12.88
425,Roma,US,2022-03-03 03:01:13,43.2128,-75.4557,32.65,90,100,0.0
426,Cockburn Town,TC,2022-03-03 03:02:56,21.4612,-71.1419,78.31,76,6,13.24
427,Sidney,AU,2022-03-03 02:58:08,-33.8679,151.2073,75.74,86,75,20.71
428,Tamiahua,MX,2022-03-03 03:02:56,21.2667,-97.45,68.11,91,69,4.88
429,Klobuck,PL,2022-03-03 02:59:50,50.9008,18.9367,27.59,57,4,4.14
430,Bom Jesus,BR,2022-03-03 03:02:57,-9.0744,-44.3586,74.39,77,100,1.9
431,Praia Da Vitoria,PT,2022-03-03 03:02:57,38.7333,-27.0667,53.76,81,100,7.83
432,Acapulco,MX,2022-03-03 03:02:57,16.8634,-99.8901,78.04,72,14,6.11
433,Royan,FR,2022-03-03 03:02:58,45.6285,-1.0281,49.98,95,92,7.05
434,Upington,ZA,2022-03-03 03:02:58,-28.4478,21.2561,68.09,29,1,2.91
435,Cortez,US,2022-03-03 03:02:58,37.3489,-108.5859,44.69,70,0,9.22
436,Faanui,PF,2022-03-03 03:02:59,-16.4833,-151.75,81.5,76,48,15.28
437,Darhan,MN,2022-03-03 03:00:34,49.4867,105.9228,20.68,75,100,13.6
438,Mezen,RU,2022-03-03 03:02:59,65.8522,44.24,28.22,97,100,6.42
439,La Palma,US,2022-03-03 03:03:00,33.8464,-118.0467,75.42,57,0,3.44
440,Lagoa,PT,2022-03-03 03:03:00,39.05,-27.9833,57.54,56,93,6.13
441,At-Bashi,KG,2022-03-03 03:03:01,41.1702,75.8106,13.59,63,22,1.81
442,Coos Bay,US,2022-03-03 03:02:17,43.3665,-124.2179,49.32,99,100,4.21
443,Eureka,US,2022-03-03 03:03:02,40.8021,-124.1637,55.74,80,100,3.0
444,Lata,PT,2022-03-03 03:03:02,40.1629,-8.3327,53.92,90,100,3.8
445,Edendale,ZA,2022-03-03 03:03:03,-29.6528,30.3147,63.63,85,2,4.03
446,Trinidad,BO,2022-03-03 03:03:04,-14.8333,-64.9,76.37,89,100,3.94
447,Fort Nelson,CA,2022-03-03 03:00:14,58.8053,-122.7002,0.54,99,83,0.54
448,Opuwo,NA,2022-03-03 03:03:05,-18.0607,13.84,65.26,50,54,2.06
449,Hovd,MN,2022-03-03 03:03:06,48.0056,91.6419,14.41,69,0,3.4
450,Gigmoto,PH,2022-03-03 03:02:06,13.7796,124.39,80.38,83,68,12.73
451,Bonfim,BR,2022-03-03 03:03:07,3.0833,-59.95,77.11,80,96,4.99
452,Tongchuan,CN,2022-03-03 03:03:07,35.0806,109.0897,53.29,25,100,2.01
453,Hirara,JP,2022-03-03 03:03:09,24.8,125.2833,68.22,77,99,15.46
454,Nuuk,GL,2022-03-03 03:00:01,64.1835,-51.7216,9.07,93,100,20.0
455,Lebedinyy,RU,2022-03-03 03:03:10,58.5167,125.5167,9.34,72,100,5.55
456,Ancud,CL,2022-03-03 03:03:11,-41.8697,-73.8203,61.23,96,84,5.99
457,Iralaya,HN,2022-03-03 03:03:11,15.0,-83.2333,77.11,71,0,11.88
458,Nelson Bay,AU,2022-03-03 03:03:12,-32.7167,152.15,73.99,96,100,4.0
459,Belyy Yar,RU,2022-03-03 03:04:13,53.6039,91.3903,17.49,75,0,11.18
460,Songea,TZ,2022-03-03 03:04:14,-10.6833,35.65,63.54,97,100,1.83
461,Erzin,TR,2022-03-03 03:04:15,36.9559,36.2,55.92,89,58,10.74
462,Novyy Urengoy,RU,2022-03-03 03:04:16,66.0833,76.6333,-2.0,97,100,5.37
463,Latung,PH,2022-03-03 03:04:16,5.5,120.8833,82.72,71,76,2.08
464,Alice Town,BS,2022-03-03 03:04:17,25.7167,-79.3,74.01,67,0,13.18
465,Callaguip,PH,2022-03-03 03:04:18,18.0714,120.4867,85.05,58,0,9.91
466,Yaan,NG,2022-03-03 03:04:19,7.3833,8.5667,80.51,72,60,9.57
467,Tessalit,ML,2022-03-03 03:04:21,20.1986,1.0114,69.33,30,7,11.92
468,Bubaque,GW,2022-03-03 03:04:23,11.2833,-15.8333,76.59,71,98,14.54
469,Marshall,US,2022-03-03 03:04:24,34.3834,-86.3333,60.37,61,0,4.83
470,Marawi,PH,2022-03-03 03:04:24,7.9986,124.2928,73.65,52,19,3.91
471,Kannur,IN,2022-03-03 03:00:13,11.8675,75.3576,78.96,36,68,5.93
472,San Carlos,VE,2022-03-03 03:04:25,9.6612,-68.5827,78.51,71,89,3.29
473,Nipawin,CA,2022-03-03 03:04:25,53.3668,-104.0009,-13.72,99,8,5.97
474,San Pedro,PH,2022-03-03 03:04:26,14.35,121.0167,88.27,61,59,16.49
475,Tazovskiy,RU,2022-03-03 03:04:27,67.4667,78.7,-23.13,100,98,0.83
476,Qaqortoq,GL,2022-03-03 03:04:28,60.7167,-46.0333,23.5,86,100,9.1
477,Ostrovnoy,RU,2022-03-03 03:04:29,68.0531,39.5131,27.21,97,100,6.6
478,Biak,ID,2022-03-03 03:04:31,-0.9131,122.8766,84.25,69,66,2.35
479,Leh,IN,2022-03-03 03:04:34,34.1667,77.5833,10.62,81,100,2.95
480,Manavalakurichi,IN,2022-03-03 03:04:35,8.1333,77.3,82.49,62,36,12.88
481,Valleyview,CA,2022-03-03 03:04:35,55.0667,-117.2859,20.7,92,99,7.2
482,Yurimaguas,PE,2022-03-03 03:04:37,-5.9,-76.0833,72.91,94,100,1.54
483,Trat,TH,2022-03-03 03:04:37,12.5,102.5,88.25,61,66,4.25
484,Pangnirtung,CA,2022-03-03 03:04:38,66.1451,-65.7125,6.13,86,100,1.86
485,Mecca,SA,2022-03-03 03:04:39,21.4267,39.8261,76.37,63,0,5.37
486,Bichena,ET,2022-03-03 03:04:39,10.45,38.2,53.29,43,98,1.07
487,Asau,RO,2022-03-03 03:04:40,46.4333,26.4,30.96,94,100,4.14
488,Kurilsk,RU,2022-03-03 03:04:40,45.2333,147.8833,26.74,57,95,3.98
489,Charters Towers,AU,2022-03-03 03:04:41,-20.1,146.2667,102.63,13,47,10.13
490,Cibitoke,BI,2022-03-03 03:04:42,-2.8833,29.25,59.97,94,84,2.59
491,Kirakira,SB,2022-03-03 03:04:42,-10.4544,161.9205,82.29,78,99,3.78
492,Belaya Gora,RU,2022-03-03 03:04:43,68.5333,146.4167,-6.97,91,100,1.34
493,Cuamba,MZ,2022-03-03 03:04:43,-14.8031,36.5372,64.98,97,78,2.26
494,Kuytun,RU,2022-03-03 03:04:44,54.3419,101.5036,8.92,78,100,16.64
495,Port Augusta,AU,2022-03-03 03:04:45,-32.5,137.7667,95.7,25,7,3.18
496,Tarauaca,BR,2022-03-03 03:00:14,-8.1614,-70.7656,73.35,96,100,2.19
497,Sisimiut,GL,2022-03-03 03:04:47,66.9395,-53.6735,11.44,90,81,10.47
498,Marrakesh,MA,2022-03-03 03:03:59,31.6315,-8.0083,50.07,66,0,2.3
499,Huarmey,PE,2022-03-03 03:04:48,-10.0681,-78.1522,73.4,78,100,3.76
500,Chenzhou,CN,2022-03-03 03:04:48,25.8,113.0333,72.32,65,50,0.6
501,Camocim,BR,2022-03-03 03:04:48,-2.9022,-40.8411,76.78,88,81,6.76
502,Touros,BR,2022-03-03 03:04:28,-5.1989,-35.4608,79.7,80,95,8.75
503,Cherskiy,RU,2022-03-03 03:04:49,68.75,161.3,-7.56,94,66,2.68
504,Aksu,CN,2022-03-03 03:05:49,41.1231,80.2644,43.0,33,0,3.67
505,Blackwater,AU,2022-03-03 03:05:50,-23.5833,148.8833,104.16,10,0,15.88
506,Breves,BR,2022-03-03 03:05:50,-1.6822,-50.4803,73.38,96,60,3.44
507,Sri Aman,MY,2022-03-03 03:05:51,1.2376,111.4621,88.52,61,75,0.51
508,Businga,CD,2022-03-03 03:05:51,3.3333,20.8833,74.75,78,98,2.06
509,Sinnamary,GF,2022-03-03 03:05:51,5.3833,-52.95,76.19,92,100,8.7
510,Kaitangata,NZ,2022-03-03 03:05:52,-46.2817,169.8464,61.93,73,83,6.53
511,San Policarpo,PH,2022-03-03 03:05:52,12.1791,125.5072,81.07,83,30,13.6
512,Santiago Del Estero,AR,2022-03-03 03:05:21,-27.7951,-64.2615,80.62,63,84,1.25
513,Kapuskasing,CA,2022-03-03 03:05:53,49.4169,-82.4331,-15.99,100,90,2.73
514,Uruzgan,AF,2022-03-03 03:05:53,32.8333,66.0,43.61,48,81,6.67
515,Shenjiamen,CN,2022-03-03 03:05:53,29.9576,122.298,52.57,74,66,11.07
516,Chadiza,ZM,2022-03-03 03:05:54,-14.0678,32.4392,61.95,96,89,2.06
517,Botwood,CA,2022-03-03 03:05:54,49.1499,-55.3482,32.9,93,100,16.75
518,Lichuan,CN,2022-03-03 03:05:54,30.3,108.85,48.38,76,100,1.95
519,Santander,ES,2022-03-03 03:05:55,43.4647,-3.8044,51.71,84,0,1.14
520,Arlit,NE,2022-03-03 03:05:55,18.7369,7.3853,76.05,9,81,8.48
521,Oussouye,SN,2022-03-03 03:05:56,12.485,-16.5469,72.95,50,83,10.18
522,Tual,ID,2022-03-03 03:05:56,-5.6667,132.75,83.98,72,17,8.55
523,Havre-Saint-Pierre,CA,2022-03-03 03:05:57,50.2334,-63.5986,7.38,98,62,7.36
524,Morro Bay,US,2022-03-03 03:05:57,35.3658,-120.8499,62.73,80,85,3.91
525,Tonekabon,IR,2022-03-03 03:05:58,36.8163,50.8738,51.75,64,100,3.29
526,Vorobyevka,RU,2022-03-03 03:05:58,50.6451,40.9245,29.88,98,100,6.87
527,Buluang,PH,2022-03-03 03:05:58,13.3068,123.3425,87.17,60,78,4.38
528,Wakkanai,JP,2022-03-03 03:05:59,45.4094,141.6739,27.16,71,94,13.96
529,Tumbagaan,PH,2022-03-03 03:05:59,5.3656,120.3139,81.97,79,67,8.1
530,Kyshtovka,RU,2022-03-03 03:06:00,56.555,76.6271,15.48,91,99,15.19
531,Constitucion,CL,2022-03-03 03:01:04,-35.3333,-72.4167,59.61,93,50,6.33
532,Gat,IL,2022-03-03 03:06:00,31.61,34.7642,60.4,100,100,16.62
533,La Romana,DO,2022-03-03 03:06:01,18.4273,-68.9728,76.73,94,20,0.0
534,Kaseda,JP,2022-03-03 03:06:01,31.4167,130.3167,53.85,51,4,17.6
535,Tarapur,IN,2022-03-03 03:06:02,19.85,72.7,79.29,36,15,10.51
536,Balkhash,KZ,2022-03-03 03:06:02,46.844,74.9804,16.41,92,100,11.18
537,Basco,PH,2022-03-03 03:06:03,20.4487,121.9702,75.22,76,28,13.8
538,Trincomalee,LK,2022-03-03 03:06:03,8.5711,81.2335,81.9,65,100,18.39
539,Tsaratanana,MG,2022-03-03 03:06:04,-16.7833,47.65,72.41,98,73,1.63
540,Ulles,HU,2022-03-03 03:06:04,46.3361,19.8445,26.96,68,100,0.45
541,Lopatyn,UA,2022-03-03 03:06:05,50.2202,24.8483,30.47,98,100,6.29
542,Wuwei,CN,2022-03-03 03:06:05,37.9281,102.6414,42.19,26,100,3.04
543,Polunochnoye,RU,2022-03-03 03:06:05,60.8697,60.4153,24.94,84,92,9.69
544,Rangkasbitung,ID,2022-03-03 03:06:06,-6.3591,106.2494,91.31,68,100,5.64
545,Ciudad Bolivar,VE,2022-03-03 03:06:06,8.1222,-63.5497,80.51,71,10,13.69
546,Amapa,BR,2022-03-03 03:06:07,1.0,-52.0,70.5,99,40,1.66
547,Grindavik,IS,2022-03-03 03:06:07,63.8424,-22.4338,36.07,87,75,16.11
548,Harlingen,US,2022-03-03 03:03:42,26.1906,-97.6961,67.33,91,89,7.92
549,Waddan,LY,2022-03-03 03:06:08,29.1614,16.139,45.5,72,50,5.57
550,Portland,US,2022-03-03 03:01:33,45.5234,-122.6762,52.11,96,100,1.01
551,Clevelandia,BR,2022-03-03 03:06:08,-26.3958,-52.4708,65.82,98,100,2.1
552,Puerto Escondido,MX,2022-03-03 03:07:09,15.85,-97.0667,81.43,69,40,0.0
553,Ocos,GT,2022-03-03 03:07:10,14.5094,-92.1933,78.73,66,16,4.54
554,Sola,VU,2022-03-03 03:07:10,-13.8833,167.55,82.71,75,95,9.73
555,Manyana,BW,2022-03-03 03:07:11,-23.4,21.7167,69.93,71,99,6.6
556,Caraballeda,VE,2022-03-03 03:07:12,10.6112,-66.8522,78.87,78,75,2.3
557,Semnan,IR,2022-03-03 03:07:13,35.5729,53.3971,48.42,52,26,2.93
558,Pipri,IN,2022-03-03 03:07:14,19.8,75.5333,77.74,26,17,4.45
559,Elko,US,2022-03-03 03:03:59,41.0002,-115.5012,52.65,37,100,7.0
560,Cabo San Lucas,MX,2022-03-03 03:06:04,22.8909,-109.9124,73.71,37,0,8.05
561,Saravena,CO,2022-03-03 03:07:15,6.9538,-71.8752,73.44,80,85,4.05
562,Bonthe,SL,2022-03-03 03:07:17,7.5264,-12.505,75.67,82,73,2.19
563,Rawah,IQ,2022-03-03 03:07:20,34.4816,41.9093,62.92,40,100,17.6
564,Whitehorse,CA,2022-03-03 03:07:21,60.7161,-135.0538,17.31,97,99,4.14
565,Chapais,CA,2022-03-03 03:02:47,49.7834,-74.8492,-7.82,100,81,4.03
566,Alugan,PH,2022-03-03 03:07:22,12.2188,125.4808,80.85,84,29,12.88
567,Kalaleh,IR,2022-03-03 03:07:23,37.3807,55.4916,58.21,46,77,6.76
568,Hailar,CN,2022-03-03 03:07:23,49.2,119.7,12.96,79,90,10.78
569,Formosa Do Rio Preto,BR,2022-03-03 03:07:24,-11.0483,-45.1931,70.03,92,100,1.16
570,Monforte De Lemos,ES,2022-03-03 03:06:06,42.5216,-7.5142,50.41,93,100,3.65
571,Kuching,MY,2022-03-03 03:07:25,1.55,110.3333,86.22,74,40,2.3
572,Laguna,US,2022-03-03 03:07:25,38.421,-121.4238,66.04,51,0,5.75
573,Nowa Sol,PL,2022-03-03 03:04:52,51.8033,15.717,31.86,55,94,3.65
